[
    {
        "title": "What is difference between Paid v s Free Canva Canva Course 1",
        "video_url": "https://www.youtube.com/embed/RPoFRL4wsfs",
        "video_length": "00:08:34",
        "extensions": "Hello All, In this video, I am talking about - - What is difference between Paid v/s Free Canva | Canva Course | #1Note: This channel is for \"EVERYONE\" who wants to learn \"Complete Digital Marketing\" Top Playlists [Free Courses] are: - Google Ads - Facebook Ads- GA4- Digital Marketing Basics/Fundaments - SEO - Digital Marketing Career/ Strategies/ Freelancing - Google Search Console - Automations- & Many More [Your suggestions of new Topics are most welcome in the comments section ]For Digital Marketing Services/Training/Consultation: Whatsapp @ +91 9455076758Social Media Accounts : \u25ba Facebook: https://www.facebook.com/iumartazkeer\u25ba Twitter: https://twitter.com/iUmartazkeer\u25ba Instagram: https://www.instagram.com/umartazkeer_/\u25ba LinkedIn : https://www.linkedin.com/in/umartazkeer/\u25ba Website: https://www.umartazkeer.com"
    },
    {
        "title": "How to Create Thumbnail using Canva Canva Course 02",
        "video_url": "https://www.youtube.com/embed/evF6JHk_NVM",
        "video_length": "00:10:12",
        "extensions": "Hello All, In this video, I am talking about - - How to Make a YouTube Thumbnail with Canva (for free!) | Canva Thumbnail Tutorial |Note: This channel is for \"EVERYONE\" who wants to learn \"Complete Digital Marketing\" Top Playlists [Free Courses] are: - Google Ads - Facebook Ads- GA4- Digital Marketing Basics/Fundaments - SEO - Digital Marketing Career/ Strategies/ Freelancing - Google Search Console - Automations- & Many More [Your suggestions of new Topics are most welcome in the comments section ]For Digital Marketing Services/Training/Consultation: Whatsapp @ +91 9455076758Social Media Accounts : \u25ba Facebook: https://www.facebook.com/iumartazkeer\u25ba Twitter: https://twitter.com/iUmartazkeer\u25ba Instagram: https://www.instagram.com/umartazkeer_/\u25ba LinkedIn : https://www.linkedin.com/in/umartazkeer/\u25ba Website: https://www.umartazkeer.com"
    },
    {
        "title": "Top Shortcuts in Canva to Increase Productivity Canva Course 3",
        "video_url": "https://www.youtube.com/embed/XICpN4kGZE4",
        "video_length": "00:05:48",
        "extensions": "Hello All, In this video, I am talking about - - Top Shortcuts in Canva to Increase ProductivityNote: This channel is for \"EVERYONE\" who wants to learn \"Complete Digital Marketing\" Top Playlists [Free Courses] are: - Google Ads - Facebook Ads- GA4- Digital Marketing Basics/Fundaments - SEO - Digital Marketing Career/ Strategies/ Freelancing - Google Search Console - Automations- & Many More [Your suggestions of new Topics are most welcome in the comments section ]For Digital Marketing Services/Training/Consultation: Whatsapp @ +91 9455076758Social Media Accounts : \u25ba Facebook: https://www.facebook.com/iumartazkeer\u25ba Twitter: https://twitter.com/iUmartazkeer\u25ba Instagram: https://www.instagram.com/umartazkeer_/\u25ba LinkedIn : https://www.linkedin.com/in/umartazkeer/\u25ba Website: https://www.umartazkeer.com"
    },
    {
        "title": "Top Canva Hacks in Hindi Part 1 Canva Course",
        "video_url": "https://www.youtube.com/embed/DEZYcQDj-dI",
        "video_length": "00:07:29",
        "extensions": "Hello All, In this video, I am talking about - - Top Canva Hacks in Hindi (Part-1) | Canva Course Note: This channel is for \"EVERYONE\" who wants to learn \"Complete Digital Marketing\" Top Playlists [Free Courses] are: - Google Ads - Facebook Ads- GA4- Digital Marketing Basics/Fundaments - SEO - Digital Marketing Career/ Strategies/ Freelancing - Google Search Console - Automations- & Many More [Your suggestions of new Topics are most welcome in the comments section ]For Digital Marketing Services/Training/Consultation: Whatsapp @ +91 9455076758Social Media Accounts : \u25ba Facebook: https://www.facebook.com/iumartazkeer\u25ba Twitter: https://twitter.com/iUmartazkeer\u25ba Instagram: https://www.instagram.com/umartazkeer_/\u25ba LinkedIn : https://www.linkedin.com/in/umartazkeer/\u25ba Website: https://www.umartazkeer.com"
    },
    {
        "title": "How to Create Basic Canva Animations Canva Course 5",
        "video_url": "https://www.youtube.com/embed/7xhr-qQXN68",
        "video_length": "00:09:24",
        "extensions": "Hello All, In this video, I am talking about - -How to Create Basic Canva Animations Note: This channel is for \"EVERYONE\" who wants to learn \"Complete Digital Marketing\" Top Playlists [Free Courses] are: - Google Ads - Facebook Ads- GA4- Digital Marketing Basics/Fundaments - SEO - Digital Marketing Career/ Strategies/ Freelancing - Google Search Console - Automations- & Many More [Your suggestions of new Topics are most welcome in the comments section ]For Digital Marketing Services/Training/Consultation: Whatsapp @ +91 9455076758Social Media Accounts : \u25ba Facebook: https://www.facebook.com/iumartazkeer\u25ba Twitter: https://twitter.com/iUmartazkeer\u25ba Instagram: https://www.instagram.com/umartazkeer_/\u25ba LinkedIn : https://www.linkedin.com/in/umartazkeer/\u25ba Website: https://www.umartazkeer.com"
    },
    {
        "title": "How to use Canva s AI Tool Magic Media to Generate Image Video Canva Course 6",
        "video_url": "https://www.youtube.com/embed/dS7ZAmOAVis",
        "video_length": "00:04:54",
        "extensions": "Hello All, In this video, I am talking about - - How to use Canva's AI Tool Magic Media to Generate Image & VideoCanva recently introduced a lot of AI tools and canva new features so in today's video we will cover it all. Let me know about your favorite feature.Note: This channel is for \"EVERYONE\" who wants to learn \"Complete Digital Marketing\" Top Playlists [Free Courses] are: - Google Ads - Facebook Ads- GA4- Digital Marketing Basics/Fundaments - SEO - Digital Marketing Career/ Strategies/ Freelancing - Google Search Console - Automations- & Many More [Your suggestions of new Topics are most welcome in the comments section ]For Digital Marketing Services/Training/Consultation: Whatsapp @ +91 9455076758Social Media Accounts : \u25ba Facebook: https://www.facebook.com/iumartazkeer\u25ba Twitter: https://twitter.com/iUmartazkeer\u25ba Instagram: https://www.instagram.com/umartazkeer_/\u25ba LinkedIn : https://www.linkedin.com/in/umartazkeer/\u25ba Website: https://www.umartazkeer.com"
    },
    {
        "title": "11 AI Tools in CANVA Meet Canva s AI Powered Magic Studio Canva Course 7",
        "video_url": "https://www.youtube.com/embed/fhKAao8TLGM",
        "video_length": "00:13:14",
        "extensions": "Hello All, In this video, I am talking about - - Meet Canva's AI Powered Magic Studio - 11 AI Tools in CanvaNote: This channel is for \"EVERYONE\" who wants to learn \"Complete Digital Marketing\" Top Playlists [Free Courses] are: - Google Ads - Facebook Ads- GA4- Digital Marketing Basics/Fundaments - SEO - Digital Marketing Career/ Strategies/ Freelancing - Google Search Console - Automations- & Many More [Your suggestions of new Topics are most welcome in the comments section ]For Digital Marketing Services/Training/Consultation: Whatsapp @ +91 9455076758Social Media Accounts : \u25ba Facebook: https://www.facebook.com/iumartazkeer\u25ba Twitter: https://twitter.com/iUmartazkeer\u25ba Instagram: https://www.instagram.com/umartazkeer_/\u25ba LinkedIn : https://www.linkedin.com/in/umartazkeer/\u25ba Website: https://www.umartazkeer.com"
    },
    {
        "title": "How to Create High Converting Social Media Product Ad Creatives in Canva Canva Course 8",
        "video_url": "https://www.youtube.com/embed/Q9f63AnH-94",
        "video_length": "00:07:51",
        "extensions": "Hello All, In this video, I am talking about - - How to Create High Converting Social Media Ad Creatives in CanvaNote: This channel is for \"EVERYONE\" who wants to learn \"Complete Digital Marketing\" Top Playlists [Free Courses] are: - Google Ads - Facebook Ads- GA4- Digital Marketing Basics/Fundaments - SEO - Digital Marketing Career/ Strategies/ Freelancing - Google Search Console - Automations- & Many More [Your suggestions of new Topics are most welcome in the comments section ]For Digital Marketing Services/Training/Consultation: Whatsapp @ +91 9455076758Social Media Accounts : \u25ba Facebook: https://www.facebook.com/iumartazkeer\u25ba Twitter: https://twitter.com/iUmartazkeer\u25ba Instagram: https://www.instagram.com/umartazkeer_/\u25ba LinkedIn : https://www.linkedin.com/in/umartazkeer/\u25ba Website: https://www.umartazkeer.com"
    },
    {
        "title": "How to Use draw tool in Canva Canva Course 9",
        "video_url": "https://www.youtube.com/embed/lyCr2hy4aI0",
        "video_length": "00:08:32",
        "extensions": "Hello All, In this video, I am talking about - - How to Use draw tool in Canva | Canva Course | You will learn Different Creative Ways to use Canva's Drawing Tool |Note: This channel is for \"EVERYONE\" who wants to learn \"Complete Digital Marketing\" Top Playlists [Free Courses] are: - Google Ads - Facebook Ads- GA4- Digital Marketing Basics/Fundaments - SEO - Digital Marketing Career/ Strategies/ Freelancing - Google Search Console - Automations- & Many More [Your suggestions of new Topics are most welcome in the comments section ]For Digital Marketing Services/Training/Consultation: Whatsapp @ +91 9455076758Social Media Accounts : \u25ba Facebook: https://www.facebook.com/iumartazkeer\u25ba Twitter: https://twitter.com/iUmartazkeer\u25ba Instagram: https://www.instagram.com/umartazkeer_/\u25ba LinkedIn : https://www.linkedin.com/in/umartazkeer/\u25ba Website: https://www.umartazkeer.com"
    },
    {
        "title": "What is Brand Kit How to create Brand Kit in Canva Canva Course 10",
        "video_url": "https://www.youtube.com/embed/1qrLnWYaOhY",
        "video_length": "00:08:42",
        "extensions": "Hello All, In this video, I am talking about - - Note: This channel is for \"EVERYONE\" who wants to learn \"Complete Digital Marketing\" Top Playlists [Free Courses] are: - Google Ads - Facebook Ads- GA4- Digital Marketing Basics/Fundaments - SEO - Digital Marketing Career/ Strategies/ Freelancing - Google Search Console - Automations- & Many More [Your suggestions of new Topics are most welcome in the comments section ]For Digital Marketing Services/Training/Consultation: Whatsapp @ +91 9455076758Social Media Accounts : \u25ba Facebook: https://www.facebook.com/iumartazkeer\u25ba Twitter: https://twitter.com/iUmartazkeer\u25ba Instagram: https://www.instagram.com/umartazkeer_/\u25ba LinkedIn : https://www.linkedin.com/in/umartazkeer/\u25ba Website: https://www.umartazkeer.com"
    },
    {
        "title": "How to Generate QR Code in Canva Canva Course 11",
        "video_url": "https://www.youtube.com/embed/Zqot4831cJw",
        "video_length": "00:03:15",
        "extensions": "Hello All, In this video, I am talking about - - How to Generate QR Code in Canva? Note: This channel is for \"EVERYONE\" who wants to learn \"Complete Digital Marketing\" Top Playlists [Free Courses] are: - Google Ads - Facebook Ads- GA4- Digital Marketing Basics/Fundaments - SEO - Digital Marketing Career/ Strategies/ Freelancing - Google Search Console - Automations- & Many More [Your suggestions of new Topics are most welcome in the comments section ]For Digital Marketing Services/Training/Consultation: Whatsapp @ +91 9455076758Social Media Accounts : \u25ba Facebook: https://www.facebook.com/iumartazkeer\u25ba Twitter: https://twitter.com/iUmartazkeer\u25ba Instagram: https://www.instagram.com/umartazkeer_/\u25ba LinkedIn : https://www.linkedin.com/in/umartazkeer/\u25ba Website: https://www.umartazkeer.com"
    },
    {
        "title": "How to upload Fonts in Canva Canva Course 12",
        "video_url": "https://www.youtube.com/embed/PrjQy8rSmfk",
        "video_length": "00:02:51",
        "extensions": "Hello All, In this video, I am talking about - - Note: This channel is for \"EVERYONE\" who wants to learn \"Complete Digital Marketing\" Top Playlists [Free Courses] are: - Google Ads - Facebook Ads- GA4- Digital Marketing Basics/Fundaments - SEO - Digital Marketing Career/ Strategies/ Freelancing - Google Search Console - Automations- & Many More [Your suggestions of new Topics are most welcome in the comments section ]For Digital Marketing Services/Training/Consultation: Whatsapp @ +91 9455076758Social Media Accounts : \u25ba Facebook: https://www.facebook.com/iumartazkeer\u25ba Twitter: https://twitter.com/iUmartazkeer\u25ba Instagram: https://www.instagram.com/umartazkeer_/\u25ba LinkedIn : https://www.linkedin.com/in/umartazkeer/\u25ba Website: https://www.umartazkeer.com"
    },
    {
        "title": "Connect Your Social Media Account with Canva Canva Course 13",
        "video_url": "https://www.youtube.com/embed/O4z6Dm3Z-oM",
        "video_length": "00:04:01",
        "extensions": "Hello All, In this video, I am talking about - - Connect Your Social Media Account with CanvaNote: This channel is for \"EVERYONE\" who wants to learn \"Complete Digital Marketing\" Top Playlists [Free Courses] are: - Google Ads - Facebook Ads- GA4- Digital Marketing Basics/Fundaments - SEO - Digital Marketing Career/ Strategies/ Freelancing - Google Search Console - Automations- & Many More [Your suggestions of new Topics are most welcome in the comments section ]For Digital Marketing Services/Training/Consultation: Whatsapp @ +91 9455076758Social Media Accounts : \u25ba Facebook: https://www.facebook.com/iumartazkeer\u25ba Twitter: https://twitter.com/iUmartazkeer\u25ba Instagram: https://www.instagram.com/umartazkeer_/\u25ba LinkedIn : https://www.linkedin.com/in/umartazkeer/\u25ba Website: https://www.umartazkeer.com"
    }
]