[
    {
        "title": "LET S RESIN Domino Resin Molds Resin Crafts Resin Casting",
        "video_url": "https://www.youtube.com/embed/YZS9I6gIY30",
        "video_length": "00:07:42",
        "extensions": "In this video, we made domino resin crafts with mixology glitter. Dominoes is definitely one of the most famous board game in the world. Do you need to take a break and play a good 'ole tile-based classic from your childhood? Will you guys love it?Don't forget to leave your comments or thumb up \u25e0\u203f\u25e0)\uff89SUBSCRIBE to see more resin videos: https://www.youtube.com/letsresin-------------Resin Supplies Checklist--------------Resin: https://www.amazon.com/dp/B096Y6TNCH?maas=maas_adg_A4B0E45782338359D9EBCC9E5D95493C_afap_abs&ref_=aa_maas&tag=maasMold:https://www.amazon.com/stores/page/025765E8-2D16-4BE3-8B1E-39404E36B471?maas=maas_adg_C78FCC736C550C73F2FF7ADEA4DC057B_afap_abs&ref_=aa_maas&tag=maas&ingress=3&visitId=c659db07-df5c-4dcd-ac3e-a2f30b33a1a5Tools/Epoxy Mixing Cups:https://www.amazon.com/stores/page/2DC12F0C-3844-4E18-98A5-A19A6F8321E8?maas=maas_adg_99EA828061F99EA5A0D6734E33E94E46_afap_abs&ref_=aa_maas&tag=maas&ingress=3&visitId=c659db07-df5c-4dcd-ac3e-a2f30b33a1a5Glitters:https://www.amazon.com/stores/page/3E117C88-76E2-40B9-818D-3E7369E8E56A?maas=maas_adg_76A27B85B24BC8B6F561A49A2A23C3CE_afap_abs&ref_=aa_maas&tag=maas&ingress=3&visitId=c659db07-df5c-4dcd-ac3e-a2f30b33a1a5------------Our Social Media----------- Official Website: https://letsresin.com/?utm_source=Youtube&utm_medium=page&utm_campaign=video&utm_content=OLDAmazon Store: https://www.amazon.com/letsresin?maas=maas_adg_AF3D9B272F75B72681F917C322C76D0F_afap_abs&ref_=aa_maas&tag=maasFacebook Page: https://www.facebook.com/letsresin Facebook Group:https://www.facebook.com/groups/letsr...Instagram: https://www.instagram.com/letsresin-------------LET'S RESIN-------------- Hi, welcomes to our channel LET'S RESIN. \"LET'S RESIN\", a resin brand provide one-stop resin supplies, Including the epoxy/UV resin, alcohol ink, resin dye, silicone mold, etc Hope you enjoy our video. Thanks for watching!"
    },
    {
        "title": "Easier Way to Make Resin Dragon Egg New and Exciting Unboxing",
        "video_url": "https://www.youtube.com/embed/gAyHR4qt9KU",
        "video_length": "00:09:15",
        "extensions": "In today's video we made an epoxy dragon egg to create a cool effect. This turned out amazing guys! You're gonna love these!We did this DIY tutorial style so you can give it a try and make your own:)Resin Supplies ChecklistChameleon Powder:https://cutt.ly/VervOsyr1 Gallon epoxy:https://cutt.ly/eervKYBQBlack epoxy resin:https://cutt.ly/2ervDsifGlitter: https://cutt.ly/nervLtA7Dragon Egg Mold:https://cutt.ly/mervLTxbChameleon Flake:https://cutt.ly/CervZlaPLet's Get In TouchFollow us on Facebook and Instagram to get the latest news on new items, promotions, and more!\u25cf Official Website: https://bit.ly/3oYuynO\u25cf Facebook Page: https://www.facebook.com/letsresin\u25cf Facebook Group: https://www.facebook.com/groups/letsr...\u25cf Instagram: https://www.instagram.com/letsresin/\u25cf Pinterest: https://www.pinterest.com/letsresin/#dragoneggs #epoxyresin #resinart #resinmold"
    },
    {
        "title": "1399 OMG My BEST 3D Resin Flower Coasters",
        "video_url": "https://www.youtube.com/embed/Yq6FuNqgSbM",
        "video_length": "00:32:34",
        "extensions": "Here is the link if you would like to purchase any of my silicone molds:https://www.ebay.com.au/str/pouringyourheartoutResin yellow flower coastersI used Platinum 360+ resin to make these gorgeous coasters. If you would like to purchase Platinum resin and receive 10% off, use this coupon code: pouringyourheartout10 at https://www.aafibreglass.com/ within Australia or https://www.platinum.tk/ outside Australia. IF YOU WOULD LIKE TO SPONSOR ME, HERE IS THE LINK: https://www.paypal.me/JulieCuttsPouringArtJOIN MY FACEBOOK 'POURING YOUR HEART OUT' GROUP HERE: https://m.facebook.com/groups/1182393955197390?view=groupMY INSTAGRAM HERE:https://www.instagram.com/p/BoTdWY_h-V6/?utm_source=ig_share_sheet&igshid=192lnqg952it"
    },
    {
        "title": "Resin Crafts DIY Resin Casting Dried Flowers VS Alcohol Ink Tutorial",
        "video_url": "https://www.youtube.com/embed/8ZcsbpNcj88",
        "video_length": "00:07:40",
        "extensions": "Resin Crafts DIY: Resin Casting - Dried Flowers VS Alcohol Ink (Tutorial)The new video shows you two effects on resin casting with silicone molds.About the LIVE sign, we use dried flowers as filler, and adding fairy light make it sparking.Instead, we add alcohol ink into BLESSED molds, and the galaxy BLESSED shows that alcohol ink also a good choice in resin crafts.Which one do you like? Welcome to comment.Try these yourself, the finished projects are always not disappointing.TIMESTAMPS:0:01 - MAKE A RESIN LIVE1:30 - ADD THE FAIRY LIGHT;3:03 - De-MOLD LIVE SIGN;3:35 - SHOW THE FINISHED LIVE;4:10 - MAKE A RESIN BLESSED7:31 - SHOW THE FINISHED BLESSED-------------Resin Supplies Checklist--------------Resin: https://www.amazon.com/dp/B096Y6TNCH?maas=maas_adg_A4B0E45782338359D9EBCC9E5D95493C_afap_abs&ref_=aa_maas&tag=maasMold:https://www.amazon.com/stores/page/025765E8-2D16-4BE3-8B1E-39404E36B471?maas=maas_adg_C78FCC736C550C73F2FF7ADEA4DC057B_afap_abs&ref_=aa_maas&tag=maas&ingress=3&visitId=c659db07-df5c-4dcd-ac3e-a2f30b33a1a5Tools/Epoxy Mixing Cups:https://www.amazon.com/stores/page/2DC12F0C-3844-4E18-98A5-A19A6F8321E8?maas=maas_adg_99EA828061F99EA5A0D6734E33E94E46_afap_abs&ref_=aa_maas&tag=maas&ingress=3&visitId=c659db07-df5c-4dcd-ac3e-a2f30b33a1a5------------Our Social Media----------- Official Website: https://letsresin.com/?utm_source=Youtube&utm_medium=page&utm_campaign=video&utm_content=OLDAmazon Store: https://www.amazon.com/letsresin?maas=maas_adg_AF3D9B272F75B72681F917C322C76D0F_afap_abs&ref_=aa_maas&tag=maasFacebook Page: https://www.facebook.com/letsresin Facebook Group:https://www.facebook.com/groups/letsr...Instagram: https://www.instagram.com/letsresin-------------LET'S RESIN-------------- Hi, welcomes to our channel LET'S RESIN. \"LET'S RESIN\", a resin brand provide one-stop resin supplies, Including the epoxy/UV resin, alcohol ink, resin dye, silicone mold, etc Hope you enjoy our video. Thanks for watching!"
    },
    {
        "title": "DIY Tarot Molds With Chameleon Powder LET S RESIN",
        "video_url": "https://www.youtube.com/embed/_X4h3qFWexE",
        "video_length": "00:00:44",
        "extensions": "Hope you enjoy our video. Thanks for watching! ------------Resin Supplies Checklist--------------Resin:https://www.amazon.com/dp/B09G359RYJ?maas=maas_adg_CD6859B08BFB59D53257CA19EC4AE722_afap_abs&ref_=aa_maas&tag=maasMolds:https://www.amazon.com/stores/page/025765E8-2D16-4BE3-8B1E-39404E36B471?maas=maas_adg_C78FCC736C550C73F2FF7ADEA4DC057B_afap_abs&ref_=aa_maas&tag=maas&ingress=3&visitId=c659db07-df5c-4dcd-ac3e-a2f30b33a1a5Mica powder:https://www.amazon.com/stores/page/3E117C88-76E2-40B9-818D-3E7369E8E56A?maas=maas_adg_76A27B85B24BC8B6F561A49A2A23C3CE_afap_abs&ref_=aa_maas&tag=maas&ingress=3&visitId=c659db07-df5c-4dcd-ac3e-a2f30b33a1a5Epoxy Mixing Cups Kit:https://www.amazon.com/dp/B09C7Y6CSB?maas=maas_adg_F5C4A51D185F74697DB78541EBE2BA33_afap_abs&ref_=aa_maas&tag=maasContains all tools you needed to start making resin: https://www.amazon.com/dp/B07Q4N47TS?maas=maas_adg_F5C1820E8C0F913BB50EC836196A96CD_afap_abs&ref_=aa_maas&tag=maas------------Our Social Media----------- Official Website: https://letsresin.com/?utm_source=Youtube&utm_medium=page&utm_campaign=video&utm_content=OLDAmazon Store:https://www.amazon.com/letsresin?maas=maas_adg_AF3D9B272F75B72681F917C322C76D0F_afap_abs&ref_=aa_maas&tag=maasFacebook Page: https://www.facebook.com/letsresin Facebook Group:https://www.facebook.com/groups/letsresinInstagram: https://www.instagram.com/letsresin-------------LET'S RESIN-------------- Hi, welcomes to our channel LET'S RESIN. \"LET'S RESIN\", a resin brand provide one-stop resin supplies, Including the epoxy/UV resin, alcohol ink, resin dye, silicone mold, etc"
    },
    {
        "title": "DIY Resin Casting With Dried Flowers Resin Crafts Silicone Light Bulb Resin Molds",
        "video_url": "https://www.youtube.com/embed/OtfIzoyNdXc",
        "video_length": "00:04:08",
        "extensions": "Have you ever thought DIY a bulb? Now here is a chance, grab it today!It is a challenge to design such a deep stereoscopic mold, and create an eye-catching finished artwork, We tried many styles to get our ideal effect.-------------Resin Supplies Checklist--------------Resin: https://www.amazon.com/dp/B096Y6TNCH?maas=maas_adg_A4B0E45782338359D9EBCC9E5D95493C_afap_abs&ref_=aa_maas&tag=maasBulb Mold: https://www.amazon.com/dp/B08G8F298P?maas=maas_adg_1BB5BA46143554B29732535197A19023_afap_abs&ref_=aa_maas&tag=maasTools/Epoxy Mixing Cups:https://www.amazon.com/stores/page/2DC12F0C-3844-4E18-98A5-A19A6F8321E8?maas=maas_adg_99EA828061F99EA5A0D6734E33E94E46_afap_abs&ref_=aa_maas&tag=maas&ingress=3&visitId=c659db07-df5c-4dcd-ac3e-a2f30b33a1a5------------Our Social Media----------- Official Website: https://letsresin.com/?utm_source=Youtube&utm_medium=page&utm_campaign=video&utm_content=OLDAmazon Store: https://www.amazon.com/letsresin?maas=maas_adg_AF3D9B272F75B72681F917C322C76D0F_afap_abs&ref_=aa_maas&tag=maasFacebook Page: https://www.facebook.com/letsresin Facebook Group:https://www.facebook.com/groups/letsr...Instagram: https://www.instagram.com/letsresin-------------LET'S RESIN-------------- Hi, welcomes to our channel LET'S RESIN. \"LET'S RESIN\", a resin brand provide one-stop resin supplies, Including the epoxy/UV resin, alcohol ink, resin dye, silicone mold, etc Hope you enjoy our video. Thanks for watching!"
    },
    {
        "title": "LET S RESIN Ouija Board and Planchette Silicone Molds for Resin Casting Resin Crafts for beginner",
        "video_url": "https://www.youtube.com/embed/rCNJlZ9SOKk",
        "video_length": "00:09:51",
        "extensions": "The video shows the process of how to make the planchette resin crafts. Spread your magic with our brand new Ouija boards, which designed to convert your existing power to luck.Don't forget to leave your comments or thumb up \u25e0\u203f\u25e0)\uff89The Ouija board silicone molds link\uff1ahttps://amzn.to/31T698zSUBSCRIBE to see more resin videos: https://www.youtube.com/letsresin-------------LET'S RESIN--------------Hi, welcomes to our channel LET'S RESIN.\"LET'S RESIN\", a resin brand provide the one-stop resin supplies,Including the epoxy/UV resin, alcohol ink, resin dye, silicone mold, etcHope you enjoy our video. Thanks for watching!------------Our Social Media-----------Official Website: https://letsresin.com/Amazon Store: https://amzn.to/3c0xOpHFacebook Page: https://www.facebook.com/letsresinInstagram: https://www.instagram.com/letsresin/"
    },
    {
        "title": "How to Use resin to make a This is us sign",
        "video_url": "https://www.youtube.com/embed/FGICYnN1Aek",
        "video_length": "00:06:14",
        "extensions": "SUBSCRIBE: http://bit.ly/33LfFZ9Materials and Tools Using in this Video :Ecopoxy ( epoxy resin): http://bit.ly/2Q5a4ceMold:https://www.amazon.com/dp/B081QZY6FW http://bit.ly/2EiEr8sTransparent Decorate Stickers:https://www.amazon.com/dp/B07WBXTKLSResin Color Pigment Paste:https://www.amazon.com/dp/B07TT2MC13Mica Powder:https://www.amazon.com/dp/B07M8W6YXG-----------------------------------------------------------------------------------------------------------------------Website: https://letsresin.com/Amazon Store:https://www.amazon.com/letsresinFacebook Page:https://www.facebook.com/letsresinInstagram:https://www.instagram.com/letsresin/"
    },
    {
        "title": "How to DIY Geode Agate Coaster",
        "video_url": "https://www.youtube.com/embed/E6dEDH4WM-4",
        "video_length": "00:08:18",
        "extensions": "Hope you enjoy our video. Thanks for watching!-------------Resin Supplies Checklist--------------Hollow Geode Agate Coaster Molds:https://www.amazon.com/dp/B0817PPW73?maas=maas_adg_9A2285B236C376A1251CB67FFA8858CC_afap_abs&ref_=aa_maas&tag=maasResin: https://www.amazon.com/dp/B09G359RYJ?maas=maas_adg_CD6859B08BFB59D53257CA19EC4AE722_afap_abs&ref_=aa_maas&tag=maasMica Powder:https://www.amazon.com/stores/page/3E117C88-76E2-40B9-818D-3E7369E8E56A?maas=maas_adg_76A27B85B24BC8B6F561A49A2A23C3CE_afap_abs&ref_=aa_maas&tag=maas&ingress=3&visitId=c659db07-df5c-4dcd-ac3e-a2f30b33a1a5Tools/Epoxy Mixing Cups:https://www.amazon.com/stores/page/2DC12F0C-3844-4E18-98A5-A19A6F8321E8?maas=maas_adg_99EA828061F99EA5A0D6734E33E94E46_afap_abs&ref_=aa_maas&tag=maas&ingress=3&visitId=c659db07-df5c-4dcd-ac3e-a2f30b33a1a5------------Our Social Media----------- Official Website: https://letsresin.com/?utm_source=Youtube&utm_medium=page&utm_campaign=video&utm_content=OLDAmazon Store: https://www.amazon.com/letsresin?maas=maas_adg_AF3D9B272F75B72681F917C322C76D0F_afap_abs&ref_=aa_maas&tag=maasFacebook Page: https://www.facebook.com/letsresin Facebook Group:https://www.facebook.com/groups/letsr...Instagram: https://www.instagram.com/letsresin-------------LET'S RESIN-------------- Hi, welcomes to our channel LET'S RESIN. \"LET'S RESIN\", a resin brand provide one-stop resin supplies, Including the epoxy/UV resin, alcohol ink, resin dye, silicone mold, etc"
    },
    {
        "title": "How to make a DIY resin earring with Let s Resin Mold Resin Techniques",
        "video_url": "https://www.youtube.com/embed/leZXp6281l8",
        "video_length": "00:08:05",
        "extensions": "LET'S RESIN Fashionable Earring Making Resin Molds: Get this one, decorate your life.We've taken two popular elements and combined them into one: Jewelry and Resin. Every detail is well designed. The finished resin earrings could be bohemian, festival, simplicity, geometric, etc. Best gifts for yourself, friends and your families.------------Resin Supplies Checklist--------------Resin:https://www.amazon.com/dp/B096Y6TNCH?maas=maas_adg_A4B0E45782338359D9EBCC9E5D95493C_afap_abs&ref_=aa_maas&tag=maasresin mold: https://www.amazon.com/dp/B07ZCS9V1N?maas=maas_adg_BB1433E8367E6CCD757ABCB58C259437_afap_abs&ref_=aa_maas&tag=maasEpoxy Mixing Cups Kit:https://www.amazon.com/dp/B09C7Y6CSB?maas=maas_adg_F5C4A51D185F74697DB78541EBE2BA33_afap_abs&ref_=aa_maas&tag=maasContains all tools you needed to start making resin: https://www.amazon.com/dp/B07Q4N47TS?maas=maas_adg_F5C1820E8C0F913BB50EC836196A96CD_afap_abs&ref_=aa_maas&tag=maas------------Our Social Media----------- Official Website: https://letsresin.com/?utm_source=Youtube&utm_medium=page&utm_campaign=video&utm_content=OLDFacebook Page: https://www.facebook.com/letsresin Facebook Group:https://www.facebook.com/groups/letsr...Instagram: https://www.instagram.com/letsresin-------------LET'S RESIN-------------- Hi, welcomes to our channel LET'S RESIN. \"LET'S RESIN\", a resin brand provide one-stop resin supplies, Including the epoxy/UV resin, alcohol ink, resin dye, silicone mold, etc Hope you enjoy our video. Thanks for watching!"
    },
    {
        "title": "LET S RESIN Resin Molds for LOVE",
        "video_url": "https://www.youtube.com/embed/ri1NW5C9GY4",
        "video_length": "00:00:33",
        "extensions": "Hey!Let's resin, be creative, have fun.Please enjoy our TutorialSUPPLIES USED: *LOVE Resin Mold: https://www.amazon.com/dp/B07P8CG59Q3:1 Epoxy Resin: https://www.amazon.com/dp/B07KJLLT7M"
    },
    {
        "title": "How to make the Petri FAMILY mold",
        "video_url": "https://www.youtube.com/embed/lx2BySyh0LM",
        "video_length": "00:08:03",
        "extensions": "The tutorial for the Petri family mold uses the amazing alcohol ink step by step.SUBSCRIBE: http://bit.ly/33LfFZ9Materials and Tools Using in this Video :Ecopoxy ( epoxy resin): https://www.amazon.com/dp/B07QKWSCG8Mold:http://bit.ly/2NMZ4y2Alcohol Ink----------------------------------------------------------------------------------------------------------------------Website: https://letsresin.com/Amazon Store:https://www.amazon.com/letsresinFacebook Page:https://www.facebook.com/letsresinInstagram:https://www.instagram.com/letsresin/"
    },
    {
        "title": "How to add studs to Let s Resin earring mold",
        "video_url": "https://www.youtube.com/embed/eLRCS32k46I",
        "video_length": "00:01:00",
        "extensions": "We are finding some people confused about how we add studs to the green hoops, so we made a detail version tutorial video, hope this can help you, welcome for any question in a comment.About the stubs part, it totally has no limitation and depends exactly on the style you want.If you want to simplify the design, you can just DIY it with edited (gold-clad wire or T pin), just like our video. But if you are looking for a more elegant look earring, you can buy some unique-designed stubs from online/offline stores.Like if you think this video helpful.\u2049Ask whatever question you want for this mold.Follow us for more new release products.Mold:https://www.amazon.com//dp/B07ZCS9V1NIf you like our video please clickSUBSCRIBE: http://bit.ly/33LfFZ9Welcome to post your valuable comments.Website: https://letsresin.com/Amazon Store:https://www.amazon.com/letsresinFacebook Page:https://www.facebook.com/letsresinInstagram:https://www.instagram.com/letsresin/"
    },
    {
        "title": "Let s Resin 14 Color High Concentrated Alcohol Inks Effect Display",
        "video_url": "https://www.youtube.com/embed/jT1RGf9CFNI",
        "video_length": "00:06:08",
        "extensions": "Products used in this video:14 Color High Concentrated Alcohol Inks\uff1ahttps://www.amazon.com/dp/B07V8SCY49/2020 Clock Mold:https://www.amazon.com/dp/B082FTTRTXWelcome to post your valuable comments.--------------------------------------------------------------------------------------Website: https://letsresin.com/ AmazonStore:https://www.amazon.com/letsresinFacebook Page:https://www.facebook.com/letsresinInstagram:https://www.instagram.com/letsresin/"
    },
    {
        "title": "Northern lights Epoxy Resin VALENTINE S DAY GIFT IDEAS",
        "video_url": "https://www.youtube.com/embed/8AidF0xfzR8",
        "video_length": "00:06:04",
        "extensions": "Hi sweeties!! It's time to prepare the gift for Valentine's Day. Aurora can bring luck and happiness, so we made a heart shape tealight holder about the aurora. Hope you can get inspiration from this video! Have a good day!-------------Resin Supplies Checklist--------------resin mold: https://www.amazon.com/dp/B09KRK92RG?maas=maas_adg_56178EA1E3766042273C0065D51CD658_afap_abs&ref_=aa_maas&tag=maas epoxy resin: https://www.amazon.com/dp/B09G359RYJ?maas=maas_adg_CD6859B08BFB59D53257CA19EC4AE722_afap_abs&ref_=aa_maas&tag=maasGlow in the dark powder: https://www.amazon.com/dp/B09G626PXX?maas=maas_adg_971174E14582E029899FAA78FE5D8224_afap_abs&ref_=aa_maas&tag=maas-------------LET'S RESIN-------------- Hi, welcomes to our channel LET'S RESIN. \"LET'S RESIN\", a resin brand provide one-stop resin supplies, Including the epoxy/UV resin, alcohol ink, resin dye, silicone mold, etc Hope you enjoy our video. Thanks for watching! ------------Our Social Media----------- Instagram: https://www.instagram.com/letsresin/Facebook Page: https://www.facebook.com/letsresin Facebook Group:https://www.facebook.com/groups/letsresin"
    },
    {
        "title": "How to Use resin and alcohol inks to make a Blessed sign",
        "video_url": "https://www.youtube.com/embed/uXYjkDJ8qD8",
        "video_length": "00:00:38",
        "extensions": "Materials and Tools Using in this Video :Blessed Resin Molds:https://www.amazon.com/dp/B0852WT2Y9Epoxy Resin:https://www.amazon.com/dp/B07KJLLT7M/-----------------------------------------------------------------------------------------------------------------------Website: https://letsresin.com/ AmazonStore:https://www.amazon.com/letsresinFacebook Page:https://www.facebook.com/letsresinInstagram:https://www.instagram.com/letsresin/"
    },
    {
        "title": "LET S RESIN 2020 Sign Molds Happy new year",
        "video_url": "https://www.youtube.com/embed/QSt4CPUSQu8",
        "video_length": "00:01:03",
        "extensions": "Hi Guys, This tutorial is created by our studio, we are a resin brand \"Let's Resin\", provide the one-stop resin supplies, Including the epoxy/UV resin, alcohol ink, resin dye, mold, etcNew year resin craft 2020 sign mold, designed by Lindsay and \"Let's Resin\",Resin Number Sign Molds for Resin CastingIf you like our video please clickSUBSCRIBE: http://bit.ly/33LfFZ9Welcome to post your valuable comments.Materials and Tools Using in this Video :Ecopoxy ( epoxy resin): http://bit.ly/2Q5a4ce2020 Mold:http://www.amazon.com/dp/B082FTTRTXAlcohol Ink used:https://www.amazon.com/dp/B07V8SCY49If you are not located in the US, please go to our website.-----------------------------------------------------------------------------------------------------------------------Website: https://letsresin.com/Amazon Store:https://www.amazon.com/letsresinFacebook Page:https://www.facebook.com/letsresinInstagram:https://www.instagram.com/letsresin/"
    },
    {
        "title": "Resin Craft BELIEVE Sign With Alcohol Ink",
        "video_url": "https://www.youtube.com/embed/2A9TMMsQTJY",
        "video_length": "00:00:45",
        "extensions": "SUBSCRIBE: http://bit.ly/33LfFZ9Materials and Tools Using in this Video :Ecopoxy ( epoxy resin): https://www.amazon.com/dp/B07QKWSCG8BELIEVE Mold: https://www.amazon.com/dp/B081QGLHQ5/Alcohol Ink: https://www.amazon.com/dp/B07V8SCY49/-----------------------------------------------------------------------------------------------------------------------Website: https://letsresin.com/Amazon Store:https://www.amazon.com/letsresinFacebook Page:https://www.facebook.com/letsresinInstagram:https://www.instagram.com/letsresin/"
    },
    {
        "title": "Resin Silicone XMAS Resin Molds DIY Resin Casting Resin Crafts for Christmas",
        "video_url": "https://www.youtube.com/embed/yUwOh-QXelk",
        "video_length": "00:08:30",
        "extensions": "-------------LET'S RESIN--------------Hi, welcomes to our channel LET'S RESIN.\"LET'S RESIN\", a resin brand provide the one-stop resin supplies,Including the epoxy/UV resin, alcohol ink, resin dye, silicone mold, etcHope you enjoy our video. Thanks for watching!------------Our Social Media-----------Official Website: https://letsresin.com/Amazon Store: https://amzn.to/3c0xOpHFacebook Page: https://www.facebook.com/letsresinInstagram: https://www.instagram.com/letsresin/"
    },
    {
        "title": "LET S RESIN Guitar Pick Resin Molds Resin Silicone Molds Casting DIY Resin Guitar",
        "video_url": "https://www.youtube.com/embed/NPUAnLyCzp4",
        "video_length": "00:10:08",
        "extensions": "We made this lovely rainbow theme resin guitar pick video, This video contains step by step production process so that people who are new to resin can follow this video to start their resin journey.Let's Make Rainbow Resin Guitar Pick!!!-------------Resin Supplies Checklist--------------Official Website: https://letsresin.com/guitar pick mold: https://bit.ly/3jz0FrWTranslucent pigment: https://bit.ly/39NxAnk-------------LET'S RESIN--------------Hi, welcomes to our channel LET'S RESIN.\"LET'S RESIN\", a resin brand provide the one-stop resin supplies,Including the epoxy/UV resin, alcohol ink, resin dye, silicone mold, etcHope you enjoy our video. Thanks for watching!------------Our Social Media-----------Official Website: https://letsresin.com/Amazon Store: https://amzn.to/3c0xOpHFacebook Page: https://www.facebook.com/letsresinInstagram: https://www.instagram.com/letsresin/"
    },
    {
        "title": "LET S RESIN Resin tutorial about Resin Bulb Light and Decoration with resin bulb and Love Mold",
        "video_url": "https://www.youtube.com/embed/afs_N2Lqr0E",
        "video_length": "00:03:19",
        "extensions": "In this video, we show 2 wonderful resin bulbs and 1 Love sign decoration. They can be wonderful home decors and be used as night lights.Please let us know if you like this video.-------------Resin Supplies Checklist--------------Official Website: https://letsresin.com/Rechargeable retro bulb mold: https://bit.ly/3CXva1LBlack mica powder: https://bit.ly/3D3CdGvLOVE sign mold: https://bit.ly/2ZOCZZHTranslucent pigment: https://bit.ly/39NxAnk-------------LET'S RESIN-------------- Hi, welcomes to our channel LET'S RESIN. \"LET'S RESIN\", a resin brand provide one-stop resin supplies, Including the epoxy/UV resin, alcohol ink, resin dye, silicone mold, etc Hope you enjoy our video. Thanks for watching! ------------Our Social Media----------- Facebook Page: https://www.facebook.com/letsresin Facebook Group:https://www.facebook.com/groups/letsresin"
    },
    {
        "title": "How To Resin Jewelry DIY Epoxy Resin Earrings with Resin Pigments Resin Crafts",
        "video_url": "https://www.youtube.com/embed/Fs5hazpQeYc",
        "video_length": "00:09:33",
        "extensions": "In this video, we used epoxy resin, resin pigments, mica powder, and epoxy resin dye. It is simple and very easy to follow. And the finished projects are always not disappointed.Don't forget to leave your comments and thumb up \u25e0\u203f\u25e0)\uff89SUBSCRIBE to see more resin videos-------------Resin Supplies Checklist--------------Resin: https://www.amazon.com/dp/B096Y6TNCH?maas=maas_adg_A4B0E45782338359D9EBCC9E5D95493C_afap_abs&ref_=aa_maas&tag=maasMold:https://www.amazon.com/stores/page/025765E8-2D16-4BE3-8B1E-39404E36B471?maas=maas_adg_C78FCC736C550C73F2FF7ADEA4DC057B_afap_abs&ref_=aa_maas&tag=maas&ingress=3&visitId=c659db07-df5c-4dcd-ac3e-a2f30b33a1a5Tools/Epoxy Mixing Cups:https://www.amazon.com/dp/B09C7Y6CSB?maas=maas_adg_F5C4A51D185F74697DB78541EBE2BA33_afap_abs&ref_=aa_maas&tag=maas------------Our Social Media----------- Official Website: https://letsresin.com/?utm_source=Youtube&utm_medium=page&utm_campaign=video&utm_content=OLDAmazon Store: https://www.amazon.com/letsresin?maas=maas_adg_AF3D9B272F75B72681F917C322C76D0F_afap_abs&ref_=aa_maas&tag=maasFacebook Page: https://www.facebook.com/letsresin Facebook Group:https://www.facebook.com/groups/letsr...Instagram: https://www.instagram.com/letsresin-------------LET'S RESIN-------------- Hi, welcomes to our channel LET'S RESIN. \"LET'S RESIN\", a resin brand provide one-stop resin supplies, Including the epoxy/UV resin, alcohol ink, resin dye, silicone mold, etc Hope you enjoy our video. Thanks for watching!"
    },
    {
        "title": "LET S RESIN Chameleon Series The Difference Between All of Our Chameleon Mica Powder",
        "video_url": "https://www.youtube.com/embed/MGOHaxAv5-o",
        "video_length": "00:05:32",
        "extensions": "LET'S RESIN chameleon series include 3 kinds of chameleon mica: chameleon powder, intense chameleon powder, and chameleon flakes. In this video, we show the differences among the 3 chameleon pigments in terms of powder particles, powder effect and usage. Enjoy the video! Wanna see more, let us know in the comment!-------------Resin Supplies Checklist--------------\u25cf Chameleon Powder: https://www.amazon.com/stores/page/3E117C88-76E2-40B9-818D-3E7369E8E56A?maas=maas_adg_CF8B38D912C1BCE48FAD2018909746A7_afap_abs&ref_=aa_maas&tag=maas\u25cf 1 Gallon epoxy resin: https://www.amazon.com/dp/B09G359RYJ?maas=maas_adg_9BED1D13B4AC3EC9C3ED8A1407F47F8B_afap_abs&ref_=aa_maas&tag=maas--------------You May Also Like-----------------\u25cf DIY Tarot Molds With Chameleon Powder https://www.youtube.com/watch?v=_X4h3qFWexE\u25cf Animal with Starter Color Pigment https://www.youtube.com/watch?v=DsyPdVKm-FU -------------Let's Get In Touch--------------Follow us on Facebook and Instagram to get the latest on new items, sales, and more!\u25cf US Amazon Store: https://amzn.to/3c0xOpH \u25cf UK Amazon Store: https://amzn.to/3a4k0zA\u25cf CA Amazon Store: https://amzn.to/3OB7hDA\u25cf Official Website: https://bit.ly/3oYuynO\u25cf Facebook Page: https://www.facebook.com/letsresin \u25cf Facebook Group: https://www.facebook.com/groups/letsresin \u25cf Instagram: https://www.instagram.com/letsresin/ \u25cf Pinterest: https://www.pinterest.com/letsresin/#micapowder #resinart #resinartforbeginners #chameleon #resindiy #epoxyresin #letsresin"
    },
    {
        "title": "RESIN IDEAS For Valentine s Day DIY Gift Ideas",
        "video_url": "https://www.youtube.com/embed/EsiVSUp-tkE",
        "video_length": "00:05:43",
        "extensions": "Hi sweeties!! It will be a good idea to seal the pictures in this beautiful resin photo frame! Frozen this sweet memory and let it be a wonderful Valentine gift!Hope you can get inspiration from this video! Have a good day!-------------Resin Supplies Checklist--------------resin mold: https://www.amazon.com/dp/B08G8QWHDC?maas=maas_adg_C49767C76E7AF49CD11D8E59D4D52352_afap_abs&ref_=aa_maas&tag=maas epoxy resin: https://www.amazon.com/dp/B09G359RYJ?maas=maas_adg_CD6859B08BFB59D53257CA19EC4AE722_afap_abs&ref_=aa_maas&tag=maas-------------LET'S RESIN-------------- Hi, welcomes to our channel LET'S RESIN. \"LET'S RESIN\", a resin brand provide one-stop resin supplies, Including the epoxy/UV resin, alcohol ink, resin dye, silicone mold, etc Hope you enjoy our video. Thanks for watching! ------------Our Social Media----------- Instagram: https://www.instagram.com/letsresin/Facebook Page: https://www.facebook.com/letsresin Facebook Group:https://www.facebook.com/groups/letsresin"
    },
    {
        "title": "Resin Art Resin Coaster with Silicone Molds Resin Hamsa Hand Coaster with Incense Holder",
        "video_url": "https://www.youtube.com/embed/SckKB3faQEA",
        "video_length": "00:07:01",
        "extensions": "We are super excited to announce that the hamsa hand coaster mold which Jointly launched by @letsresin and @resinqueenshop.This hand coaster mold can be filled with different colors to make the creative design! The finished resin projects can be used as wall art or table decor, cup coaster, coin dish, jewelry display, key tray...Thanks to the design provider @resinqueenshop Use the code \"hamsahand\" to get 20%off.The link is: https://www.amazon.com/dp/B088BLMBS3SUBSCRIBE to see more resin videos: https://www.youtube.com/letsresin-------------LET'S RESIN---------------Hi, welcomes to our channel LET'S RESIN.\"LET'S RESIN\", a resin brand provide the one-stop resin supplies,Including the epoxy/UV resin, alcohol ink, resin dye, silicone mold, etcHope you enjoy our video. Thanks for watching!------------Our Social Media-----------Official Website: https://letsresin.com/Amazon Store: https://amzn.to/3c0xOpHFacebook Page: https://www.facebook.com/letsresinInstagram: https://www.instagram.com/letsresin/"
    },
    {
        "title": "Resin Crafts Resin Moon Wolf Moon Cat Moon Fairy Moon Unicorn Making DIY Resin",
        "video_url": "https://www.youtube.com/embed/YLTlP4rS0VY",
        "video_length": "00:01:02",
        "extensions": "Materials and Tools for resin crafting in this video :Moon molds:https://www.amazon.com/dp/B08524Y2FSEpoxy Resin:https://www.amazon.com/dp/B07KJLLT7M/Please leave your comments and thumb up \u25e0\u203f\u25e0)\uff89-----------------------------------------------------------------------------------------------------------------------Website: https://letsresin.com/ AmazonStore:https://www.amazon.com/letsresinFacebook Page:https://www.facebook.com/letsresinInstagram:https://www.instagram.com/letsresin/"
    },
    {
        "title": "The ULTIMATE Guide 2022 to Making A Resin Tarot Card Storage Box Shorts",
        "video_url": "https://www.youtube.com/embed/7dYslOQWwRQ",
        "video_length": "00:00:39",
        "extensions": "We intended to make a functional storage box mold and just bring it to life! This new Storage Box Mold comes with a sliding lid!Asking anything!!You May Also Like:DIY Tarot Molds ft: Chameleon Powder https://www.youtube.com/watch?v=_X4h3qFWexEOuija Board /Planchette Tutorial ft: Dried Flowershttps://www.youtube.com/watch?v=zma04a1KdYo_____________________________________________#letsresin #resincrafts #resin #tarotcard #resinartforbeginners #resinarttutorial #resinidea"
    },
    {
        "title": "The BEST Gift Idea Heart Shape Glitter Resin",
        "video_url": "https://www.youtube.com/embed/9La7Jb-yYEo",
        "video_length": "00:02:25",
        "extensions": "Hey guys! In today's video, we combine glitters with different sizes of heart mold, put the fairy light into the creation, and finally get a unique gift. Would you like to have a try?------------Resin Supplies Checklist---------\u25cf Glitters: https://www.amazon.com/LETS-RESIN-Chameleon-Colorshift-Glitters/dp/B08N492G28?ref_=ast_sto_dp&th=1--------------You May Also Like-----------------\u25cf UV Resin Jewelry: https://www.youtube.com/watch?v=xeSWQ8iBKI8\u25cf Table Top Tutorial : https://www.youtube.com/watch/v/0XYs8i3XNzE\u25cf Large Letter Mold with Flower :https://www.youtube.com/v/MhdDV8NWwNY-------------Let's Get In Touch--------------Follow us on Facebook and Instagram to get the latest on new items, sales, and more!\u25cf US Amazon Store: https://amzn.to/3c0xOpH \u25cf UK Amazon Store: https://amzn.to/3a4k0zA\u25cf CA Amazon Store: https://amzn.to/3OB7hDA\u25cf Official Website: https://bit.ly/3oYuynO\u25cf Facebook Page: https://www.facebook.com/letsresin \u25cf Facebook Group: https://www.facebook.com/groups/letsresin \u25cf Instagram: https://www.instagram.com/letsresin/ \u25cf Pinterest: https://www.pinterest.com/letsresin/#resinart #glitter #diy #resincrafts #gifts #giftideas"
    },
    {
        "title": "AWESOME RESIN CHRISTMAS GIFT IDEAS 2",
        "video_url": "https://www.youtube.com/embed/KcP3obLCIKI",
        "video_length": "00:04:39",
        "extensions": "Hi Besties! The resin pieces we made with the Christmas theme last year attract much attention from you guys, so this year, we prepare this video MUCH earlier Hope you guys enjoy this video!! Have a nice weekend!!00:02 Ready for making a Christmas Jar00:02 Prepare Color00:16 Pour Resin00:41 Draw Decorations with UV resin 01:03 Drop Sparkling glitters01:25 Cure it with UV Lights01:44 Paint More Decorations with Acrylic Paints02:15 Finished Mushroom Jar02:25 Ready for making a phone case02:40 Spread Resin Evenly03:39 Add White UV Resin04:00 Add Plastic Decors04:13 Coat with UV resin04:20 Finished Phone Case04:25 Finished Products Display------------Resin Supplies Checklist-----------\u25cf Mushroom Jar Mold: https://amzn.to/3xPXfrU\u25cf UV Resin : https://amzn.to/3OTIb1V--------------You May Also Like-----------------\u25cf Easy Christmas DIY Pyramid: https://www.youtube.com/watch?v=eb-HWtLwdE0\u25cf Christmas Gift Ideas (1):https://www.youtube.com/watch?v=Lpmp5Ny7Kng&t=13s-------------Let's Get In Touch--------------Follow us on Facebook and Instagram to get the latest on new items, sales, and more!\u25cf US Amazon Store: https://amzn.to/3c0xOpH \u25cf UK Amazon Store: https://amzn.to/3a4k0zA\u25cf CA Amazon Store: https://amzn.to/3OB7hDA\u25cf Official Website: https://bit.ly/3oYuynO\u25cf Facebook Page: https://www.facebook.com/letsresin \u25cf Facebook Group: https://www.facebook.com/groups/letsresin \u25cf Instagram: https://www.instagram.com/letsresin/ \u25cf Pinterest: https://www.pinterest.com/letsresin/#christmas #resinart #uvresin #resincrafts #diy #creativeideas #tutorial #christmasgift"
    },
    {
        "title": "Demolding of melt ice lollipop candy shape molds Many thanks and credit to frokenhognert shorts",
        "video_url": "https://www.youtube.com/embed/rrAtwjYrXy0",
        "video_length": "00:00:41",
        "extensions": "All the resin supplies we used: \u25cf US Amazon Store: https://amzn.to/3c0xOpH \u25cf UK Amazon Store: https://amzn.to/3a4k0zA \u25cf CA Amazon Store: https://amzn.to/3OB7hDA"
    },
    {
        "title": "Let s get artistic by embedding metal pieces into epoxy resin to craft cool snail shaped flowerpot",
        "video_url": "https://www.youtube.com/embed/VM0EDPShfyI",
        "video_length": "00:00:42",
        "extensions": "Snail mold\uff1ahttps://www.amazon.com/dp/B0CBRMMW77Resin mixer\uff1ahttps://www.amazon.com/dp/B0C9MQTQWF1.5 gallon epoxy resin\uff1ahttps://www.amazon.com/dp/B0BM4HMTRH"
    },
    {
        "title": "How to make a memorial resin pyramid resinart diy pyramid",
        "video_url": "https://www.youtube.com/embed/tNVEyORKgyc",
        "video_length": "00:00:43",
        "extensions": "Let's Resin 2 gallon epoxy resin\uff1ahttps://www.amazon.com/dp/B0C786S8ZWPyramid mold\uff1ahttps://www.amazon.com/dp/B07HMKMY2QResin dye\uff1ahttps://www.amazon.com/dp/B07VHD4QJY"
    },
    {
        "title": "Home decoration idea and unique memories gift resinart melting homedecor",
        "video_url": "https://www.youtube.com/embed/G9-RTSfF2JU",
        "video_length": "00:00:45",
        "extensions": "Frame Resin Molds\uff1ahttps://www.amazon.com/dp/B0CPX7M89M"
    },
    {
        "title": "What type of apple jar will be your favorite resinart diy apple",
        "video_url": "https://www.youtube.com/embed/VN2JEEBMd0g",
        "video_length": "00:00:35",
        "extensions": "Apple Jar Molds\uff1ahttps://www.amazon.com/LETS-RESIN-Life-Size-Ornaments-Christmas/dp/B0CL9G312KChameleon Mica Powder\uff1ahttps://www.amazon.com/dp/B0978SSZWTResin Dye\uff1ahttps://www.amazon.com/dp/B07VHD4QJYAll the resin supplies we used: \u25cf US Amazon Store: https://amzn.to/3c0xOpH \u25cf UK Amazon Store: https://amzn.to/3a4k0zA \u25cf CA Amazon Store: https://amzn.to/3OB7hDA"
    },
    {
        "title": "Make Your Own Silicone Mold diy resinart silicone",
        "video_url": "https://www.youtube.com/embed/XdIVquuRcBg",
        "video_length": "00:00:45",
        "extensions": "Silicone Mold Making Kit\uff1ahttps://www.amazon.com/LETS-RESIN-Silicone-Elastic-Casting/dp/B0B9SGY8VYAll the resin supplies we used: \u25cf US Amazon Store: https://amzn.to/3c0xOpH \u25cf UK Amazon Store: https://amzn.to/3a4k0zA \u25cf CA Amazon Store: https://amzn.to/3OB7hDA"
    }
]