{
    "course_name": "Epoxy Resin earrings for beginners",
    "category": "Soft-Skills",
    "lesson_count": "35",
    "description": "Epoxy Resin earrings, in this course we will learn about Epoxy Resin Earrings Course, where you'll explore the art of crafting beautiful, custom resin earrings using epoxy resin and creative techniques. We\u2019ll cover essential steps such as resin mixing, mold selection, color blending, and adding decorative elements like glitter, gold leaf, dried flowers, and metallic pigments. You'll learn how to achieve a smooth, bubble-free finish, create transparent and layered effects, and embed small objects for a unique look. We\u2019ll also guide you through drilling, attaching earring hooks, and sealing for durability. Troubleshooting common resin issues like uneven curing, bubbles, and excess stickiness will also be discussed. Whether you're a beginner or an experienced resin artist, this course will help you craft stunning resin earrings for personal use, gifts, or selling. Join us and bring your creativity to life with handmade epoxy resin earrings. LET S RESIN",
    "lessons": [
        {
            "title": "LET S RESIN Domino Resin Molds Resin Crafts Resin Casting",
            "link": "https://www.mindluster.com/lesson/397999-video",
            "duration": "00:07:42"
        },
        {
            "title": "Easier Way to Make Resin Dragon Egg New and Exciting Unboxing",
            "link": "https://www.mindluster.com/lesson/398000-video",
            "duration": "00:09:15"
        },
        {
            "title": "1399 OMG My BEST 3D Resin Flower Coasters",
            "link": "https://www.mindluster.com/lesson/398001-video",
            "duration": "00:32:34"
        },
        {
            "title": "Resin Crafts DIY Resin Casting Dried Flowers VS Alcohol Ink Tutorial",
            "link": "https://www.mindluster.com/lesson/398002-video",
            "duration": "00:07:40"
        },
        {
            "title": "DIY Tarot Molds With Chameleon Powder LET S RESIN",
            "link": "https://www.mindluster.com/lesson/398003-video",
            "duration": "00:00:44"
        },
        {
            "title": "DIY Resin Casting With Dried Flowers Resin Crafts Silicone Light Bulb Resin Molds",
            "link": "https://www.mindluster.com/lesson/398004-video",
            "duration": "00:04:08"
        },
        {
            "title": "LET S RESIN Ouija Board and Planchette Silicone Molds for Resin Casting Resin Crafts for beginner",
            "link": "https://www.mindluster.com/lesson/398005-video",
            "duration": "00:09:51"
        },
        {
            "title": "How to Use resin to make a This is us sign",
            "link": "https://www.mindluster.com/lesson/398006-video",
            "duration": "00:06:14"
        },
        {
            "title": "How to DIY Geode Agate Coaster",
            "link": "https://www.mindluster.com/lesson/398007-video",
            "duration": "00:08:18"
        },
        {
            "title": "How to make a DIY resin earring with Let s Resin Mold Resin Techniques",
            "link": "https://www.mindluster.com/lesson/398008-video",
            "duration": "00:08:05"
        },
        {
            "title": "LET S RESIN Resin Molds for LOVE",
            "link": "https://www.mindluster.com/lesson/398009-video",
            "duration": "00:00:33"
        },
        {
            "title": "How to make the Petri FAMILY mold",
            "link": "https://www.mindluster.com/lesson/398010-video",
            "duration": "00:08:03"
        },
        {
            "title": "How to add studs to Let s Resin earring mold",
            "link": "https://www.mindluster.com/lesson/398011-video",
            "duration": "00:01:00"
        },
        {
            "title": "Let s Resin 14 Color High Concentrated Alcohol Inks Effect Display",
            "link": "https://www.mindluster.com/lesson/398012-video",
            "duration": "00:06:08"
        },
        {
            "title": "Northern lights Epoxy Resin VALENTINE S DAY GIFT IDEAS",
            "link": "https://www.mindluster.com/lesson/398013-video",
            "duration": "00:06:04"
        },
        {
            "title": "How to Use resin and alcohol inks to make a Blessed sign",
            "link": "https://www.mindluster.com/lesson/398014-video",
            "duration": "00:00:38"
        },
        {
            "title": "LET S RESIN 2020 Sign Molds Happy new year",
            "link": "https://www.mindluster.com/lesson/398015-video",
            "duration": "00:01:03"
        },
        {
            "title": "Resin Craft BELIEVE Sign With Alcohol Ink",
            "link": "https://www.mindluster.com/lesson/398016-video",
            "duration": "00:00:45"
        },
        {
            "title": "Resin Silicone XMAS Resin Molds DIY Resin Casting Resin Crafts for Christmas",
            "link": "https://www.mindluster.com/lesson/398017-video",
            "duration": "00:08:30"
        },
        {
            "title": "LET S RESIN Guitar Pick Resin Molds Resin Silicone Molds Casting DIY Resin Guitar",
            "link": "https://www.mindluster.com/lesson/398018-video",
            "duration": "00:10:08"
        },
        {
            "title": "LET S RESIN Resin tutorial about Resin Bulb Light and Decoration with resin bulb and Love Mold",
            "link": "https://www.mindluster.com/lesson/398019-video",
            "duration": "00:03:19"
        },
        {
            "title": "How To Resin Jewelry DIY Epoxy Resin Earrings with Resin Pigments Resin Crafts",
            "link": "https://www.mindluster.com/lesson/398020-video",
            "duration": "00:09:33"
        },
        {
            "title": "LET S RESIN Chameleon Series The Difference Between All of Our Chameleon Mica Powder",
            "link": "https://www.mindluster.com/lesson/398021-video",
            "duration": "00:05:32"
        },
        {
            "title": "RESIN IDEAS For Valentine s Day DIY Gift Ideas",
            "link": "https://www.mindluster.com/lesson/398022-video",
            "duration": "00:05:43"
        },
        {
            "title": "Resin Art Resin Coaster with Silicone Molds Resin Hamsa Hand Coaster with Incense Holder",
            "link": "https://www.mindluster.com/lesson/398023-video",
            "duration": "00:07:01"
        },
        {
            "title": "Resin Crafts Resin Moon Wolf Moon Cat Moon Fairy Moon Unicorn Making DIY Resin",
            "link": "https://www.mindluster.com/lesson/398024-video",
            "duration": "00:01:02"
        },
        {
            "title": "The ULTIMATE Guide 2022 to Making A Resin Tarot Card Storage Box Shorts",
            "link": "https://www.mindluster.com/lesson/398025-video",
            "duration": "00:00:39"
        },
        {
            "title": "The BEST Gift Idea Heart Shape Glitter Resin",
            "link": "https://www.mindluster.com/lesson/398026-video",
            "duration": "00:02:25"
        },
        {
            "title": "AWESOME RESIN CHRISTMAS GIFT IDEAS 2",
            "link": "https://www.mindluster.com/lesson/398027-video",
            "duration": "00:04:39"
        },
        {
            "title": "Demolding of melt ice lollipop candy shape molds Many thanks and credit to frokenhognert shorts",
            "link": "https://www.mindluster.com/lesson/398028-video",
            "duration": "00:00:41"
        },
        {
            "title": "Let s get artistic by embedding metal pieces into epoxy resin to craft cool snail shaped flowerpot",
            "link": "https://www.mindluster.com/lesson/398029-video",
            "duration": "00:00:42"
        },
        {
            "title": "How to make a memorial resin pyramid resinart diy pyramid",
            "link": "https://www.mindluster.com/lesson/398030-video",
            "duration": "00:00:43"
        },
        {
            "title": "Home decoration idea and unique memories gift resinart melting homedecor",
            "link": "https://www.mindluster.com/lesson/398031-video",
            "duration": "00:00:45"
        },
        {
            "title": "What type of apple jar will be your favorite resinart diy apple",
            "link": "https://www.mindluster.com/lesson/398032-video",
            "duration": "00:00:35"
        },
        {
            "title": "Make Your Own Silicone Mold diy resinart silicone",
            "link": "https://www.mindluster.com/lesson/398033-video",
            "duration": "00:00:45"
        }
    ],
    "intro_video": "https://www.mindluster.com/lesson/397999-video",
    "thumbnail": "https://img.youtube.com/vi/YZS9I6gIY30/hqdefault.jpg",
    "thumbnail_id": 24581
}