{
    "course_name": "Create thumbnails using canva for beginners",
    "category": "Computer-Softwares",
    "lesson_count": "13",
    "description": "Create thumbnails using canva, in this course we will learn about Creating Thumbnails Using Canva, covering how to design eye-catching, high-quality thumbnails that grab attention and increase click-through rates. You\u2019ll discover how to use Canva\u2019s templates, fonts, colors, and graphic elements to create professional YouTube, blog, and social media thumbnails effortlessly. We\u2019ll also explore best design practices, contrast techniques, text readability, and image optimization to make thumbnails stand out. By the end, you\u2019ll master Canva tools, thumbnail branding strategies, and expert tips to boost engagement and maximize views on your content. Umar Tazkeer",
    "lessons": [
        {
            "title": "What is difference between Paid v s Free Canva Canva Course 1",
            "link": "https://www.mindluster.com/lesson/393899-video",
            "duration": "00:08:34"
        },
        {
            "title": "How to Create Thumbnail using Canva Canva Course 02",
            "link": "https://www.mindluster.com/lesson/393900-video",
            "duration": "00:10:12"
        },
        {
            "title": "Top Shortcuts in Canva to Increase Productivity Canva Course 3",
            "link": "https://www.mindluster.com/lesson/393901-video",
            "duration": "00:05:48"
        },
        {
            "title": "Top Canva Hacks in Hindi Part 1 Canva Course",
            "link": "https://www.mindluster.com/lesson/393902-video",
            "duration": "00:07:29"
        },
        {
            "title": "How to Create Basic Canva Animations Canva Course 5",
            "link": "https://www.mindluster.com/lesson/393903-video",
            "duration": "00:09:24"
        },
        {
            "title": "How to use Canva s AI Tool Magic Media to Generate Image Video Canva Course 6",
            "link": "https://www.mindluster.com/lesson/393904-video",
            "duration": "00:04:54"
        },
        {
            "title": "11 AI Tools in CANVA Meet Canva s AI Powered Magic Studio Canva Course 7",
            "link": "https://www.mindluster.com/lesson/393905-video",
            "duration": "00:13:14"
        },
        {
            "title": "How to Create High Converting Social Media Product Ad Creatives in Canva Canva Course 8",
            "link": "https://www.mindluster.com/lesson/393906-video",
            "duration": "00:07:51"
        },
        {
            "title": "How to Use draw tool in Canva Canva Course 9",
            "link": "https://www.mindluster.com/lesson/393907-video",
            "duration": "00:08:32"
        },
        {
            "title": "What is Brand Kit How to create Brand Kit in Canva Canva Course 10",
            "link": "https://www.mindluster.com/lesson/393908-video",
            "duration": "00:08:42"
        },
        {
            "title": "How to Generate QR Code in Canva Canva Course 11",
            "link": "https://www.mindluster.com/lesson/393909-video",
            "duration": "00:03:15"
        },
        {
            "title": "How to upload Fonts in Canva Canva Course 12",
            "link": "https://www.mindluster.com/lesson/393910-video",
            "duration": "00:02:51"
        },
        {
            "title": "Connect Your Social Media Account with Canva Canva Course 13",
            "link": "https://www.mindluster.com/lesson/393911-video",
            "duration": "00:04:01"
        }
    ],
    "intro_video": "https://www.mindluster.com/lesson/393899-video",
    "thumbnail": "https://img.youtube.com/vi/RPoFRL4wsfs/hqdefault.jpg",
    "thumbnail_id": 24471
}